[
    {
        "id": "a67a5a45a454a5",
        "nombre": "fichero1.pdf",
        "tipo": "application\/pdf",
        "size": 100,
        "path": "\/xampp\/appdata\/e10\/files\/a67a5a45a454a5"
    },
    {
        "id": "a67a5a45a254a5",
        "nombre": "fichero2.pdf",
        "tipo": "application\/pdf",
        "size": 100,
        "path": "\/xampp\/appdata\/e10\/files\/a67a5a45a254a5"
    },
    {
        "id": "430dc846a900768c9bdfcc4947b5bf6d4f2ccfd5",
        "nombre": "DRS_Teledetecci\u00f3n.pdf",
        "tipo": "application\/pdf",
        "size": 1136260,
        "path": "\/xampp\/appdata\/e10\/files\/430dc846a900768c9bdfcc4947b5bf6d4f2ccfd5"
    },
    {
        "id": "48806f5a52ccc8b2fad64d027d480d23a6124a17",
        "nombre": "2640_1226641_0_ \u2555 Patara Mesuwan, National Awards, Winner, Thailand, 2019 Sony World Photography Awards.jpg",
        "tipo": "image\/jpeg",
        "size": 22369,
        "path": "\/xampp\/appdata\/e10\/files\/48806f5a52ccc8b2fad64d027d480d23a6124a17"
    }
]